{
  "friends": [
    {
      "name": "Baptiste Jacquemot",
      "timestamp": 1537212207
    },
    {
      "name": "Alexandre Abbey",
      "timestamp": 1537136541
    },
    {
      "name": "Dylan Gon\u00c3\u00a7alves Perdig\u00c3\u00a3o",
      "timestamp": 1536917239
    },
    {
      "name": "Paloma Cito",
      "timestamp": 1536232826
    },
    {
      "name": "Adrien Laydu",
      "timestamp": 1536224697
    },
    {
      "name": "Manon Michel",
      "timestamp": 1536224449
    },
    {
      "name": "Aymeri Servanin",
      "timestamp": 1535847532
    },
    {
      "name": "Maina Orchpt",
      "timestamp": 1535754250
    },
    {
      "name": "Edonnaa Jakupi",
      "timestamp": 1535144036
    },
    {
      "name": "N-nuka Jusufi",
      "timestamp": 1534712900
    },
    {
      "name": "Grejsa Jusufi",
      "timestamp": 1534702224
    },
    {
      "name": "Marigona Kolgeci",
      "timestamp": 1533477245
    },
    {
      "name": "Victoria Desmarquest",
      "timestamp": 1532802921
    },
    {
      "name": "Alexandre Thouvenin",
      "timestamp": 1532780291
    },
    {
      "name": "Xyli S. Bajraktari",
      "timestamp": 1532713519
    },
    {
      "name": "Juliette Challot",
      "timestamp": 1532713065
    },
    {
      "name": "Faustine Vigneau",
      "timestamp": 1532709251
    },
    {
      "name": "Nehat Jusufi",
      "timestamp": 1532620655
    },
    {
      "name": "Mirnesa Jusufi",
      "timestamp": 1532304526
    },
    {
      "name": "Henry Grosse",
      "timestamp": 1532275141
    },
    {
      "name": "Arlind Ajdini",
      "timestamp": 1531832234
    },
    {
      "name": "Sacha Kozma",
      "timestamp": 1531640762
    },
    {
      "name": "Ariana Sadiku",
      "timestamp": 1531471356
    },
    {
      "name": "Nazlie Ajdini",
      "timestamp": 1531455552
    },
    {
      "name": "Sabile Saidi",
      "timestamp": 1531437004
    },
    {
      "name": "Era Keri",
      "timestamp": 1531434167
    },
    {
      "name": "Romain Pugin",
      "timestamp": 1531221315
    },
    {
      "name": "Arjana Berbati",
      "timestamp": 1531122644
    },
    {
      "name": "Atdhe Alshiqi",
      "timestamp": 1530989413
    },
    {
      "name": "Lionel Pellier",
      "timestamp": 1530988072
    },
    {
      "name": "Fatih Mutlu",
      "timestamp": 1529851002
    },
    {
      "name": "Mikko Comte",
      "timestamp": 1529826222
    },
    {
      "name": "Raf",
      "timestamp": 1529583080
    },
    {
      "name": "Hugo Lepeytre",
      "timestamp": 1529530838
    },
    {
      "name": "Eranda Jakupi",
      "timestamp": 1529401987
    },
    {
      "name": "Florence Chappuis",
      "timestamp": 1528886535
    },
    {
      "name": "Arthur Jaccottet",
      "timestamp": 1528393619
    },
    {
      "name": "Robin Zbinden",
      "timestamp": 1527102967
    },
    {
      "name": "Julien Bnh",
      "timestamp": 1525248678
    },
    {
      "name": "Yassine Khalfi",
      "timestamp": 1524207396
    },
    {
      "name": "Marc Watine",
      "timestamp": 1524171876
    },
    {
      "name": "Aline Beermann",
      "timestamp": 1524169789
    },
    {
      "name": "Julien Vignoud",
      "timestamp": 1524168054
    },
    {
      "name": "Maeva Galiano",
      "timestamp": 1524167979
    },
    {
      "name": "Alexander Apostolov",
      "timestamp": 1523881700
    },
    {
      "name": "Vincent Rinaldi",
      "timestamp": 1523049962
    },
    {
      "name": "Prej Zemres",
      "timestamp": 1522787141
    },
    {
      "name": "N\u00c3\u00abntor Els",
      "timestamp": 1522103121
    },
    {
      "name": "Elisa Michelet",
      "timestamp": 1522002084
    },
    {
      "name": "Carole Ruppli",
      "timestamp": 1521801908
    },
    {
      "name": "Robin Leurent",
      "timestamp": 1521624256
    },
    {
      "name": "Drenusha Hajdini",
      "timestamp": 1521150285
    },
    {
      "name": "Blanche Duron",
      "timestamp": 1521105288
    },
    {
      "name": "Dafina Berisha",
      "timestamp": 1521081898
    },
    {
      "name": "Othman Otto Benchekroun",
      "timestamp": 1521065736
    },
    {
      "name": "Ulysse Ramage",
      "timestamp": 1521063712
    },
    {
      "name": "Abderrahmane Lazraq",
      "timestamp": 1521056081
    },
    {
      "name": "Cyril Cadoux",
      "timestamp": 1521056062
    },
    {
      "name": "Kaltrina Berisha",
      "timestamp": 1520874359
    },
    {
      "name": "Eva Lvn",
      "timestamp": 1520176301
    },
    {
      "name": "Besnik Ismaili",
      "timestamp": 1520119228
    },
    {
      "name": "Darius Merk",
      "timestamp": 1519849954
    },
    {
      "name": "Luca de Carvalho",
      "timestamp": 1519378751
    },
    {
      "name": "Adrian Bestilleiro",
      "timestamp": 1518782028
    },
    {
      "name": "Nicolas Nouel",
      "timestamp": 1518602524
    },
    {
      "name": "Stanislas Jouven",
      "timestamp": 1518132544
    },
    {
      "name": "Ricar Do",
      "timestamp": 1517848172
    },
    {
      "name": "Antonio Meshkurti",
      "timestamp": 1517755595
    },
    {
      "name": "Tristan Meynier",
      "timestamp": 1517687077
    },
    {
      "name": "Louis Leclair",
      "timestamp": 1517434159
    },
    {
      "name": "Andr\u00c3\u00a9 Alphonse",
      "timestamp": 1517243513
    },
    {
      "name": "Karim Assi",
      "timestamp": 1516900747
    },
    {
      "name": "Rami Jusufi",
      "timestamp": 1514552442
    },
    {
      "name": "Vincent Yuan",
      "timestamp": 1513337008
    },
    {
      "name": "Xoeseko Yao Nyomi",
      "timestamp": 1512773763
    },
    {
      "name": "Lucas Mollier",
      "timestamp": 1512572925
    },
    {
      "name": "Walid Bennaceur",
      "timestamp": 1512211448
    },
    {
      "name": "Beqir Beqa",
      "timestamp": 1512165669
    },
    {
      "name": "Christophe Saad",
      "timestamp": 1512118724
    },
    {
      "name": "Selima Khabthani",
      "timestamp": 1512072939
    },
    {
      "name": "Feten Ghali",
      "timestamp": 1511997688
    },
    {
      "name": "K\u00c3\u00a9vin Faustini",
      "timestamp": 1511990231
    },
    {
      "name": "Victor Cochard",
      "timestamp": 1511913784
    },
    {
      "name": "Besnik Jakupi",
      "timestamp": 1511818788
    },
    {
      "name": "Antoine Belet",
      "timestamp": 1511654827
    },
    {
      "name": "Pierre Motard",
      "timestamp": 1511389051
    },
    {
      "name": "Abdeslam Guessous",
      "timestamp": 1511389017
    },
    {
      "name": "Xaii Jusufi",
      "timestamp": 1511089054
    },
    {
      "name": "Cl\u00c3\u00a9ment Sicard",
      "timestamp": 1511049180
    },
    {
      "name": "Abiola Adeye",
      "timestamp": 1510531485
    },
    {
      "name": "Hugo Decroix",
      "timestamp": 1510482035
    },
    {
      "name": "Rayane Laraki",
      "timestamp": 1510448573
    },
    {
      "name": "Antoine Magron",
      "timestamp": 1510441841
    },
    {
      "name": "Thomas Monchal",
      "timestamp": 1510400173
    },
    {
      "name": "Arel Bekteshi",
      "timestamp": 1510266606
    },
    {
      "name": "Hajri Hasaj",
      "timestamp": 1510253280
    },
    {
      "name": "Dea Bllaca",
      "timestamp": 1510004148
    },
    {
      "name": "Camille Montemagni",
      "timestamp": 1510003067
    },
    {
      "name": "George Fotiadis",
      "timestamp": 1510003050
    },
    {
      "name": "Paul Renauld",
      "timestamp": 1509876162
    },
    {
      "name": "Roustam Le Russe",
      "timestamp": 1509818568
    },
    {
      "name": "Paul-louis Delacour",
      "timestamp": 1509298586
    },
    {
      "name": "Mergim Redzepi",
      "timestamp": 1508706495
    },
    {
      "name": "Makki Fourati",
      "timestamp": 1508350108
    },
    {
      "name": "Malo Perez",
      "timestamp": 1508262458
    },
    {
      "name": "Anas Ibrahim",
      "timestamp": 1507976308
    },
    {
      "name": "Tristan Cinquin",
      "timestamp": 1507742869
    },
    {
      "name": "Pac\u00c3\u00b4me Ducorail",
      "timestamp": 1507717169
    },
    {
      "name": "Albin Mehmeti",
      "timestamp": 1507649604
    },
    {
      "name": "Vanesa Gashi",
      "timestamp": 1507569751
    },
    {
      "name": "Ahmed Farhat",
      "timestamp": 1507499585
    },
    {
      "name": "Anjes\u00c3\u00ab Dellova",
      "timestamp": 1507489769
    },
    {
      "name": "Thomas Wilde",
      "timestamp": 1507371434
    },
    {
      "name": "Kevin Colombara",
      "timestamp": 1507052440
    },
    {
      "name": "Julien Enyegue",
      "timestamp": 1506765818
    },
    {
      "name": "Andrew Dobis",
      "timestamp": 1506336984
    },
    {
      "name": "Zeineb Ayadi",
      "timestamp": 1506275845
    },
    {
      "name": "Jacques-Henri Jacquard",
      "timestamp": 1506208611
    },
    {
      "name": "Paul Juillard",
      "timestamp": 1506159577
    },
    {
      "name": "Stan Gl",
      "timestamp": 1506096805
    },
    {
      "name": "Fay\u00c3\u00a7al M'hamdi",
      "timestamp": 1505824942
    },
    {
      "name": "Nicolas d'Argenlieu",
      "timestamp": 1505819767
    },
    {
      "name": "C\u00c3\u00a9line Camacho",
      "timestamp": 1505817037
    },
    {
      "name": "Florian Mulhauser",
      "timestamp": 1505682611
    },
    {
      "name": "Giovanni Igowa",
      "timestamp": 1505642375
    },
    {
      "name": "Thomas Riv",
      "timestamp": 1505573489
    },
    {
      "name": "Pierre Schutz",
      "timestamp": 1505426295
    },
    {
      "name": "David Gva",
      "timestamp": 1505160441
    },
    {
      "name": "Deniz Ira",
      "timestamp": 1503503063
    },
    {
      "name": "Tatiana Cogne",
      "timestamp": 1498597440
    },
    {
      "name": "Jalel Zghonda",
      "timestamp": 1496415727
    },
    {
      "name": "Richard Roubaty",
      "timestamp": 1496142669
    },
    {
      "name": "Tarek Samawi",
      "timestamp": 1494688736
    },
    {
      "name": "Damien Gengler",
      "timestamp": 1494350196
    },
    {
      "name": "Armand Picard",
      "timestamp": 1493063746
    },
    {
      "name": "Antonio Morais",
      "timestamp": 1492118502
    },
    {
      "name": "Fran\u00c3\u00a7ois Montuori",
      "timestamp": 1491472881
    },
    {
      "name": "Robin Mami\u00c3\u00a9",
      "timestamp": 1491236563
    },
    {
      "name": "Mohamed Khadri",
      "timestamp": 1491209894
    },
    {
      "name": "Lo\u00c3\u00afc Fanichet",
      "timestamp": 1491202161
    },
    {
      "name": "Salom\u00c3\u00a9 D\u00c3\u00a9praz",
      "timestamp": 1491197130
    },
    {
      "name": "Olivia Mahaux",
      "timestamp": 1491193348
    },
    {
      "name": "Kyle Gerard",
      "timestamp": 1491170014
    },
    {
      "name": "Jeremy Bensoussan",
      "timestamp": 1491169775
    },
    {
      "name": "Maxence Jouve",
      "timestamp": 1490984770
    },
    {
      "name": "Jean Cmbrs",
      "timestamp": 1490865597
    },
    {
      "name": "Gaspard Peduzzi",
      "timestamp": 1490449509
    },
    {
      "name": "Ghali Chraibi",
      "timestamp": 1490391119
    },
    {
      "name": "Quentin Juppet",
      "timestamp": 1490308622
    },
    {
      "name": "Ir\u00c3\u00a8ne Lam",
      "timestamp": 1489832286
    },
    {
      "name": "Miquel Carr\u00c3\u00a9-Llopis",
      "timestamp": 1489013243
    },
    {
      "name": "Claire Lefrancq",
      "timestamp": 1488574995
    },
    {
      "name": "Niels Poulsen",
      "timestamp": 1488357415
    },
    {
      "name": "Valentin Quelquejay",
      "timestamp": 1487859067
    },
    {
      "name": "David Frisch",
      "timestamp": 1487408886
    },
    {
      "name": "Zekirija Idrizi",
      "timestamp": 1487406696
    },
    {
      "name": "Abel Joffre",
      "timestamp": 1486944886
    },
    {
      "name": "Anton Ragot",
      "timestamp": 1485461785
    },
    {
      "name": "Emma Lanctuit",
      "timestamp": 1485371272
    },
    {
      "name": "Yves Zumbach",
      "timestamp": 1485356615
    },
    {
      "name": "Yann Yasser Haddad",
      "timestamp": 1484943536
    },
    {
      "name": "Rakip Jusufi",
      "timestamp": 1484755684
    },
    {
      "name": "Jean Sab",
      "timestamp": 1484689526
    },
    {
      "name": "Rayan Daod",
      "timestamp": 1483563575
    },
    {
      "name": "Thibault Drouot",
      "timestamp": 1483552663
    },
    {
      "name": "Nicolas Pralong",
      "timestamp": 1483552503
    },
    {
      "name": "Lev Pozniakoff",
      "timestamp": 1482831711
    },
    {
      "name": "Elif Zulbeari",
      "timestamp": 1482081550
    },
    {
      "name": "Yaron Dibner",
      "timestamp": 1481760708
    },
    {
      "name": "Jehona Osdautaj",
      "timestamp": 1480718069
    },
    {
      "name": "Bashkim Baftiji",
      "timestamp": 1480680752
    },
    {
      "name": "Naser Idrizi",
      "timestamp": 1480529945
    },
    {
      "name": "Shpat Mahmuti",
      "timestamp": 1480266080
    },
    {
      "name": "Arb\u00c3\u00abr B. Gashi",
      "timestamp": 1480237149
    },
    {
      "name": "Elmedin Salihi",
      "timestamp": 1480085811
    },
    {
      "name": "Ruben Ganansia",
      "timestamp": 1479740425
    },
    {
      "name": "Jonathan Friedli",
      "timestamp": 1479372504
    },
    {
      "name": "Charline Montial",
      "timestamp": 1479066173
    },
    {
      "name": "P\u00c3\u00b4le Mayo",
      "timestamp": 1478984470
    },
    {
      "name": "Elo\u00c3\u00afse Doyard",
      "timestamp": 1477405605
    },
    {
      "name": "S\u00c3\u00a9verine Bochatay",
      "timestamp": 1476638473
    },
    {
      "name": "Valentin Garnier",
      "timestamp": 1475669383
    },
    {
      "name": "Ramy De Almeida",
      "timestamp": 1475508222
    },
    {
      "name": "Arthur Vignon",
      "timestamp": 1475311038
    },
    {
      "name": "Lo\u00c3\u00afc Rouiller-Monay",
      "timestamp": 1475164272
    },
    {
      "name": "Olivier Lam",
      "timestamp": 1475164270
    },
    {
      "name": "Peter Krcmar",
      "timestamp": 1474888496
    },
    {
      "name": "Pauline Conti",
      "timestamp": 1474888491
    },
    {
      "name": "Andrade Sig",
      "timestamp": 1474573661
    },
    {
      "name": "Florian Vogt",
      "timestamp": 1474565909
    },
    {
      "name": "Lorena Egger",
      "timestamp": 1474221835
    },
    {
      "name": "Granit Buki",
      "timestamp": 1472290986
    },
    {
      "name": "S\u00c3\u00a9bastien Will",
      "timestamp": 1471789284
    },
    {
      "name": "Aur\u00c3\u00a9lie Chavanne",
      "timestamp": 1467845357
    },
    {
      "name": "Mahije Ahmetaj-Asllani",
      "timestamp": 1466955248
    },
    {
      "name": "Sam-Samedin Asllani",
      "timestamp": 1464513688,
      "contact_info": "infoasllani@gmail.com"
    },
    {
      "name": "Naime Salii",
      "timestamp": 1460742442
    },
    {
      "name": "Albana Bekteshi",
      "timestamp": 1459287702
    },
    {
      "name": "Camille Johansson Canciani",
      "timestamp": 1459283675
    },
    {
      "name": "Virginie Tao",
      "timestamp": 1459277206
    },
    {
      "name": "Besa Bunjaku",
      "timestamp": 1457989734
    },
    {
      "name": "Nasih Idrizi",
      "timestamp": 1457989697
    },
    {
      "name": "Miriam Gaal",
      "timestamp": 1457866592
    },
    {
      "name": "Bled Azemi",
      "timestamp": 1457074911
    },
    {
      "name": "Bastien Polli",
      "timestamp": 1456091485
    },
    {
      "name": "J\u00c3\u00a9r\u00c3\u00a9my Werro",
      "timestamp": 1455725554
    },
    {
      "name": "Na\u00c3\u00afma Abbi",
      "timestamp": 1455310290
    },
    {
      "name": "Alma Mujcinovic",
      "timestamp": 1455308353
    },
    {
      "name": "Erwin Nasic",
      "timestamp": 1454841214
    },
    {
      "name": "Lucien Koo",
      "timestamp": 1453926711
    },
    {
      "name": "Tatiana Rezso",
      "timestamp": 1453926710
    },
    {
      "name": "Unik Hoxha",
      "timestamp": 1450440305
    },
    {
      "name": "Sara Bunjaku",
      "timestamp": 1447858308
    },
    {
      "name": "Orion Triangle",
      "timestamp": 1446301154,
      "contact_info": "orionledlighting@gmail.com"
    },
    {
      "name": "Luis Marques",
      "timestamp": 1445721621
    },
    {
      "name": "Tania Nunez",
      "timestamp": 1443988355
    },
    {
      "name": "Gamze Havva Vardar",
      "timestamp": 1440087504
    },
    {
      "name": "Hulya Senyuz",
      "timestamp": 1439843222
    },
    {
      "name": "R\u00c3\u00a9ka Ga\u00c3\u00a1l",
      "timestamp": 1438153753
    },
    {
      "name": "Armend Baftiu",
      "timestamp": 1436131512
    },
    {
      "name": "Estelle Ducret",
      "timestamp": 1433394688
    },
    {
      "name": "Elisa Tartaglia",
      "timestamp": 1431444093
    },
    {
      "name": "Gjilshah Aziri",
      "timestamp": 1429398636
    },
    {
      "name": "Jeti Murtezani",
      "timestamp": 1429210704
    },
    {
      "name": "Jasmina Ismaili",
      "timestamp": 1428679877
    },
    {
      "name": "Camille Peulet",
      "timestamp": 1428486342
    },
    {
      "name": "Dounia Knzr",
      "timestamp": 1428259079
    },
    {
      "name": "Enrique Gude",
      "timestamp": 1428007506
    },
    {
      "name": "Lionel Riese",
      "timestamp": 1427956415,
      "contact_info": "lionel1020@hotmail.com"
    },
    {
      "name": "Gina Nipkow",
      "timestamp": 1427930117
    },
    {
      "name": "Anahita Mohadjeri",
      "timestamp": 1427930115
    },
    {
      "name": "Iryna Marusyak",
      "timestamp": 1422567235
    },
    {
      "name": "Ajshe Fetahu",
      "timestamp": 1421695353
    },
    {
      "name": "Nazmie Pacolli",
      "timestamp": 1420936098
    },
    {
      "name": "Rosalie Bouhet",
      "timestamp": 1420880221
    },
    {
      "name": "Yolanda De Rosa",
      "timestamp": 1418843109
    },
    {
      "name": "Marco Dias Lucas",
      "timestamp": 1418336625
    },
    {
      "name": "Ersen Berisha",
      "timestamp": 1414060390
    },
    {
      "name": "Sat Kathiravelu",
      "timestamp": 1413134043
    },
    {
      "name": "Liliana Ferreira",
      "timestamp": 1412536028
    },
    {
      "name": "Advan Murati",
      "timestamp": 1412354711
    },
    {
      "name": "Renusan Ratnam",
      "timestamp": 1412183916,
      "contact_info": "renusan04@hotmail.com"
    },
    {
      "name": "Jamesan Ratnam",
      "timestamp": 1412180424,
      "contact_info": "jamesan60@hotmail.com"
    },
    {
      "name": "Xinyi Shi",
      "timestamp": 1410698792
    },
    {
      "name": "Christ\u00c3\u00a8le Rochat",
      "timestamp": 1409810135
    },
    {
      "name": "Egzona Bekteshi",
      "timestamp": 1407437407
    },
    {
      "name": "Egzon Krasniqi",
      "timestamp": 1406968266
    },
    {
      "name": "Azam Hasanii",
      "timestamp": 1404903029
    },
    {
      "name": "Sevime Kallaba",
      "timestamp": 1404752826
    },
    {
      "name": "Alain Chauffoureaux",
      "timestamp": 1400562002
    },
    {
      "name": "L\u00c3\u00a9o David",
      "timestamp": 1400561355
    },
    {
      "name": "Emir Limani",
      "timestamp": 1400082135
    },
    {
      "name": "Ilan Cassoli",
      "timestamp": 1399735128
    },
    {
      "name": "Isra Idrizi",
      "timestamp": 1398809380
    },
    {
      "name": "Fejsal Ceka",
      "timestamp": 1398543241
    },
    {
      "name": "Mefail Fazliu",
      "timestamp": 1398542417
    },
    {
      "name": "Blerina Hasani",
      "timestamp": 1397949691
    },
    {
      "name": "Kushtrim Beqiraj",
      "timestamp": 1397475922
    },
    {
      "name": "Florina Ramadani",
      "timestamp": 1397416281
    },
    {
      "name": "Isak Idrizi",
      "timestamp": 1396131887,
      "contact_info": "isak_idrizi@hotmail.com"
    },
    {
      "name": "Assami Perret",
      "timestamp": 1395694640
    },
    {
      "name": "Natsumi Perret",
      "timestamp": 1395694638
    },
    {
      "name": "Liridon Baftiju",
      "timestamp": 1393849405
    },
    {
      "name": "Elif Zulbeari",
      "timestamp": 1393849403
    },
    {
      "name": "Darius Farman",
      "timestamp": 1391821153
    },
    {
      "name": "Carlos Rosero Torres",
      "timestamp": 1391262836
    },
    {
      "name": "Taulant Avdija",
      "timestamp": 1388681970
    },
    {
      "name": "Flora Teneqja",
      "timestamp": 1388666430
    },
    {
      "name": "Louis Moichon",
      "timestamp": 1388345641
    },
    {
      "name": "Ajnur D Dauti",
      "timestamp": 1388235051
    },
    {
      "name": "Samuel Lew",
      "timestamp": 1385656095
    },
    {
      "name": "Nathana\u00c3\u00abl Genestier",
      "timestamp": 1385496645
    },
    {
      "name": "Fidel Lepers Petros",
      "timestamp": 1385068446
    },
    {
      "name": "Alexander Koux",
      "timestamp": 1379869729
    },
    {
      "name": "Lorik Loresa Fetahu",
      "timestamp": 1379251309
    },
    {
      "name": "\u00c3\u0089l\u00c3\u00a9onore Geny",
      "timestamp": 1377637144
    },
    {
      "name": "Jo\u00c3\u00ablle Piot",
      "timestamp": 1377628679
    },
    {
      "name": "Julie Dutoit",
      "timestamp": 1377622031
    },
    {
      "name": "Arnaud Bonvin",
      "timestamp": 1377619793
    },
    {
      "name": "H\u00c3\u00a9l\u00c3\u00a8ne Salvad\u00c3\u00a9",
      "timestamp": 1377588117
    },
    {
      "name": "Rineta Bekteshi Daipi",
      "timestamp": 1377286148
    },
    {
      "name": "Labinot Idrizi",
      "timestamp": 1376585041
    },
    {
      "name": "Zehra Qufliju",
      "timestamp": 1376416523,
      "contact_info": "quflijuzehra@gmail.com"
    },
    {
      "name": "Q\u00c3\u00abndres\u00c3\u00ab Ramaja",
      "timestamp": 1374813876
    },
    {
      "name": "Dardane Ramaja",
      "timestamp": 1374813874
    },
    {
      "name": "Gzime Baftiu",
      "timestamp": 1371062328
    },
    {
      "name": "Gent Shehu",
      "timestamp": 1366080759
    },
    {
      "name": "Leonie D\u00c3\u00a9caillet",
      "timestamp": 1366023205
    },
    {
      "name": "Bajram Feta",
      "timestamp": 1365841235
    },
    {
      "name": "Oc\u00c3\u00a9ane Rittener",
      "timestamp": 1365702700
    },
    {
      "name": "Arif Dauti",
      "timestamp": 1365520093
    },
    {
      "name": "Art Teneqja",
      "timestamp": 1363468687
    },
    {
      "name": "Rina Idrizi",
      "timestamp": 1363178097
    },
    {
      "name": "Sara Avdija",
      "timestamp": 1361119013
    },
    {
      "name": "Esteban Gonzalez",
      "timestamp": 1359562597
    },
    {
      "name": "Leona Sokoli",
      "timestamp": 1359298679
    },
    {
      "name": "Glauk Avdija",
      "timestamp": 1357381967
    },
    {
      "name": "Ema Ibarrola",
      "timestamp": 1356897903
    },
    {
      "name": "Luli Imeri",
      "timestamp": 1356029066
    },
    {
      "name": "Sib Sedllari Gashi",
      "timestamp": 1356017841
    },
    {
      "name": "Mirlinda Imeri",
      "timestamp": 1349607035
    },
    {
      "name": "Erald Maza",
      "timestamp": 1348261733
    },
    {
      "name": "Philippe Dubuis",
      "timestamp": 1347546743
    },
    {
      "name": "Camille D\u00c3\u00a9caillet",
      "timestamp": 1346615052
    },
    {
      "name": "Sophia Gomes",
      "timestamp": 1346424985
    },
    {
      "name": "Zimrie Idrizi",
      "timestamp": 1345994207
    },
    {
      "name": "Dardan Dani",
      "timestamp": 1344960247
    },
    {
      "name": "Dani Ramadani",
      "timestamp": 1344935575
    },
    {
      "name": "Somaya Belkaied",
      "timestamp": 1336583469
    },
    {
      "name": "Hanna K\u00c3\u00b6ser",
      "timestamp": 1336233057
    },
    {
      "name": "Saranda Fetahu",
      "timestamp": 1336221516
    },
    {
      "name": "Besjan Fetahu",
      "timestamp": 1335891814
    },
    {
      "name": "Blendina Baftiu",
      "timestamp": 1335558517
    },
    {
      "name": "Samuel Larr\u00c3\u00a9",
      "timestamp": 1332359252
    },
    {
      "name": "Deniz Berisha",
      "timestamp": 1330525804
    },
    {
      "name": "Nicolas Salvad\u00c3\u00a9",
      "timestamp": 1329077089
    },
    {
      "name": "Ebru Hajrullahu",
      "timestamp": 1328887165
    },
    {
      "name": "Vishnuga Kanagaratnam",
      "timestamp": 1328801472
    },
    {
      "name": "Isak Fetahu",
      "timestamp": 1327417167
    },
    {
      "name": "Christian Baur",
      "timestamp": 1326741380
    },
    {
      "name": "Bukurije Fetahu",
      "timestamp": 1326545725
    },
    {
      "name": "Marigona Idrizi",
      "timestamp": 1325725225
    },
    {
      "name": "Xhevat Baftiu",
      "timestamp": 1325627026
    },
    {
      "name": "Yassine Sam",
      "timestamp": 1325609446
    },
    {
      "name": "Drilona Hoxha",
      "timestamp": 1324973086
    },
    {
      "name": "St\u00c3\u00a9phane Pasquier",
      "timestamp": 1323808943
    },
    {
      "name": "Endrit Teneqja",
      "timestamp": 1323596991
    },
    {
      "name": "Zekirija Zylbeari",
      "timestamp": 1323450093
    },
    {
      "name": "Luana Diana",
      "timestamp": 1322753102
    },
    {
      "name": "Kaltrina Ru",
      "timestamp": 1322252681
    },
    {
      "name": "Th\u00c3\u00a9o Nikles",
      "timestamp": 1321567924
    },
    {
      "name": "Adchaja Kanagaratnam",
      "timestamp": 1321456165
    },
    {
      "name": "Vakisan Tharma",
      "timestamp": 1321447120
    },
    {
      "name": "Mimoza Bekteshi",
      "timestamp": 1320765233
    },
    {
      "name": "Lulu Parisod",
      "timestamp": 1318588003
    },
    {
      "name": "Jessica Moura Moutinho",
      "timestamp": 1316889174
    },
    {
      "name": "Damien Manero",
      "timestamp": 1315840749
    },
    {
      "name": "Jahjanur Zylbeari",
      "timestamp": 1315399994
    },
    {
      "name": "Joana Sage",
      "timestamp": 1315167569
    },
    {
      "name": "Amnore Idrizi",
      "timestamp": 1315065240
    },
    {
      "name": "Zekirija Zylbeari",
      "timestamp": 1315002564
    },
    {
      "name": "Marjorie Milej",
      "timestamp": 1314809692
    },
    {
      "name": "Eda Imeri",
      "timestamp": 1314543706
    },
    {
      "name": "Louis Parisod",
      "timestamp": 1314468076
    },
    {
      "name": "Lucas DuType",
      "timestamp": 1314204944
    },
    {
      "name": "Amanda Sela",
      "timestamp": 1314112876
    },
    {
      "name": "Fjolla B. Limani",
      "timestamp": 1313881533
    },
    {
      "name": "Rafael Da Silva",
      "timestamp": 1313855914
    },
    {
      "name": "Gazmend Baftiu",
      "timestamp": 1313715790
    },
    {
      "name": "Arthur Rojano",
      "timestamp": 1313707070
    },
    {
      "name": "Isni Idrizi",
      "timestamp": 1313604186
    },
    {
      "name": "Yan Vazquez",
      "timestamp": 1313487736
    },
    {
      "name": "Romain Hovius",
      "timestamp": 1313482860
    },
    {
      "name": "Arb\u00c3\u00abresh\u00c3\u00ab Ibrahimi",
      "timestamp": 1313316876
    },
    {
      "name": "Bekim Ramadani",
      "timestamp": 1313147486
    },
    {
      "name": "Eydina Yaman",
      "timestamp": 1313147480
    },
    {
      "name": "Shirley Ye",
      "timestamp": 1313063164
    },
    {
      "name": "Erita K-diri",
      "timestamp": 1313022986
    },
    {
      "name": "Lirie Ramadani",
      "timestamp": 1312907520
    },
    {
      "name": "Abidin Zenku Llahuri",
      "timestamp": 1312791756
    },
    {
      "name": "Genta Azemi",
      "timestamp": 1312745446
    },
    {
      "name": "Artin Iseni",
      "timestamp": 1312745444
    },
    {
      "name": "Laura Zenku",
      "timestamp": 1312739745
    },
    {
      "name": "Rabije Zenku",
      "timestamp": 1312737896
    },
    {
      "name": "Bunjaku Lule-Jeta",
      "timestamp": 1312664949
    },
    {
      "name": "Marius Parisod",
      "timestamp": 1312648066
    },
    {
      "name": "Romy Ohrel",
      "timestamp": 1312557665
    },
    {
      "name": "Joanna Gerster",
      "timestamp": 1312556670
    },
    {
      "name": "St\u00c3\u00a9phanie Rodrigues",
      "timestamp": 1312555823
    },
    {
      "name": "Lumnije Rushiti",
      "timestamp": 1312552299
    },
    {
      "name": "Nikita Gerster",
      "timestamp": 1312551827
    },
    {
      "name": "Krystel Lee",
      "timestamp": 1312551760
    },
    {
      "name": "Catarina Rodrigues",
      "timestamp": 1312485780
    },
    {
      "name": "Arton Salihi",
      "timestamp": 1312461829
    },
    {
      "name": "Njomza Idrizi",
      "timestamp": 1312458155
    },
    {
      "name": "Vjollca Baftiu Zylbeari",
      "timestamp": 1312446991
    },
    {
      "name": "Levent Leli",
      "timestamp": 1312445497
    },
    {
      "name": "Jeton Baftiji",
      "timestamp": 1312419486
    },
    {
      "name": "Helia Farman",
      "timestamp": 1312413370
    },
    {
      "name": "Burbuqe Baftiji",
      "timestamp": 1312409135
    },
    {
      "name": "Gzime Baftiu",
      "timestamp": 1312408856
    },
    {
      "name": "Arlinda",
      "timestamp": 1312408823,
      "contact_info": "a.baftiuu@hotmail.com"
    },
    {
      "name": "Yamina Sam",
      "timestamp": 1312408815
    },
    {
      "name": "Ilir Murati",
      "timestamp": 1312408165
    },
    {
      "name": "Iago Vazquez",
      "timestamp": 1312401642
    },
    {
      "name": "J\u00c3\u00a9r\u00c3\u00b4me H\u00c3\u00a9ritier",
      "timestamp": 1312399938
    },
    {
      "name": "Agnesa Jakupi",
      "timestamp": 1312399299
    },
    {
      "name": "Yllzana Murati Rustemi",
      "timestamp": 1312399069
    },
    {
      "name": "Kathleen Matthey",
      "timestamp": 1312398789
    },
    {
      "name": "Edmond Alijaj",
      "timestamp": 1312398330
    },
    {
      "name": "Drenushe Idrizi",
      "timestamp": 1312396864
    }
  ]
}