{
  "received_requests": [
    {
      "name": "Dard Bytyqi",
      "timestamp": 1538675988
    },
    {
      "name": "M\u00c3\u00b8\u00c5\u00ab\u00c5\u0099\u00c3\u00a5\u00c4\u0091 \u00c4\u0090\u00c3\u00a5h\u00c5\u0095\u00c4\u0085",
      "timestamp": 1537357162
    },
    {
      "name": "Arbnor Beqiraj",
      "timestamp": 1536233375
    },
    {
      "name": "Alexis Mrn",
      "timestamp": 1535659471
    },
    {
      "name": "Sali Memet",
      "timestamp": 1535550204
    },
    {
      "name": "LuLi Albaner",
      "timestamp": 1535189429
    },
    {
      "name": "Arton Kurtaj",
      "timestamp": 1535039884
    },
    {
      "name": "Fadil Beqiri",
      "timestamp": 1534898485
    },
    {
      "name": "Rilind Thaqi",
      "timestamp": 1534704705
    },
    {
      "name": "Xhezmi Neziri",
      "timestamp": 1533550079
    },
    {
      "name": "Liridon Osmani",
      "timestamp": 1533217051
    },
    {
      "name": "Ibi ALi",
      "timestamp": 1533211584
    },
    {
      "name": "Hajzeri Hd",
      "timestamp": 1532956285
    },
    {
      "name": "Sead B. Syla",
      "timestamp": 1532891725
    },
    {
      "name": "Edi Gashi",
      "timestamp": 1532701913
    },
    {
      "name": "Premtim Beqiri",
      "timestamp": 1532628673
    },
    {
      "name": "Anthony Jakob",
      "timestamp": 1532030485
    },
    {
      "name": "Xhezmi Baf",
      "timestamp": 1531867148
    },
    {
      "name": "Valmir Feta",
      "timestamp": 1531861733
    },
    {
      "name": "Besmir Bellanica",
      "timestamp": 1531856850
    },
    {
      "name": "Valmir B Kastrati",
      "timestamp": 1531691485
    },
    {
      "name": "Driton Podvorica",
      "timestamp": 1531681566
    },
    {
      "name": "Lirik Liki Bytyqi",
      "timestamp": 1531673211
    },
    {
      "name": "Fatlum Beqiri",
      "timestamp": 1531597980
    },
    {
      "name": "Meti Dee",
      "timestamp": 1531493627
    },
    {
      "name": "Agim Zairi",
      "timestamp": 1531375095
    },
    {
      "name": "Castro Ziko",
      "timestamp": 1531370810
    },
    {
      "name": "Ge NT",
      "timestamp": 1531221200
    },
    {
      "name": "Shqipron Elshani",
      "timestamp": 1531072719
    },
    {
      "name": "Arzen Nebiu",
      "timestamp": 1530627642
    },
    {
      "name": "Javier Menjivar",
      "timestamp": 1530499786
    },
    {
      "name": "Fatmir Tetova",
      "timestamp": 1530268756
    },
    {
      "name": "Nasip Popaj",
      "timestamp": 1529873461
    },
    {
      "name": "Wisar Abazi",
      "timestamp": 1529840815
    },
    {
      "name": "Tetova Tetovo",
      "timestamp": 1529581785
    },
    {
      "name": "Keni Arifi",
      "timestamp": 1529283776
    },
    {
      "name": "Sherif Zenuni",
      "timestamp": 1528820891
    },
    {
      "name": "Refki Zeneli",
      "timestamp": 1528582909
    },
    {
      "name": "Sacha Quinodoz",
      "timestamp": 1528360306
    },
    {
      "name": "Arber Berisha",
      "timestamp": 1527938085
    },
    {
      "name": "Naser Palushi",
      "timestamp": 1527763551
    },
    {
      "name": "Bleend Bala",
      "timestamp": 1525646173
    },
    {
      "name": "Adnan Rexhepi",
      "timestamp": 1524864501
    },
    {
      "name": "Albert Pajaziti",
      "timestamp": 1524760953
    },
    {
      "name": "Skopski Pashaluk",
      "timestamp": 1524466223
    },
    {
      "name": "Beni Gashi",
      "timestamp": 1523833909
    },
    {
      "name": "Youness Zangui",
      "timestamp": 1523799030
    },
    {
      "name": "Sabri Vardarl\u00c4\u00b1",
      "timestamp": 1523715755
    },
    {
      "name": "Semir Veli",
      "timestamp": 1523400184
    },
    {
      "name": "Rajko Showroom",
      "timestamp": 1522915169
    },
    {
      "name": "Tonny Tonny",
      "timestamp": 1522752387
    },
    {
      "name": "Ersan Laloshi",
      "timestamp": 1522692635
    },
    {
      "name": "Wassim Ma\u00c3\u00a2ouia",
      "timestamp": 1522359784
    },
    {
      "name": "Daniel DG",
      "timestamp": 1522327604
    },
    {
      "name": "Gata Rnlt",
      "timestamp": 1520801738
    },
    {
      "name": "Jluciano Jrusso",
      "timestamp": 1520783908
    },
    {
      "name": "Besart Veliu",
      "timestamp": 1520192321
    },
    {
      "name": "Psynd Ch",
      "timestamp": 1519595613
    },
    {
      "name": "Mendi Mendi",
      "timestamp": 1519309442
    },
    {
      "name": "Simon Wicky",
      "timestamp": 1518807002
    },
    {
      "name": "Arm End Haziri",
      "timestamp": 1518570257
    },
    {
      "name": "Kreshnik Halili",
      "timestamp": 1518164405
    },
    {
      "name": "Besmir Ise",
      "timestamp": 1517930904
    },
    {
      "name": "Veli Krasniqi",
      "timestamp": 1517501233
    },
    {
      "name": "Dini Dini",
      "timestamp": 1517483214
    },
    {
      "name": "Naser Kacaniku",
      "timestamp": 1517416389
    },
    {
      "name": "Jeton Aliti",
      "timestamp": 1516320912
    },
    {
      "name": "Bleron Salihi",
      "timestamp": 1514762357
    },
    {
      "name": "Lulzim Shtrajku",
      "timestamp": 1512954381
    },
    {
      "name": "XArlind Rashi",
      "timestamp": 1512075080
    },
    {
      "name": "Miri Cibaj",
      "timestamp": 1512058218
    },
    {
      "name": "Endrit Sadriu",
      "timestamp": 1511464943
    },
    {
      "name": "Shpend Sejfullahu",
      "timestamp": 1511461643
    },
    {
      "name": "Endrit Bajrami",
      "timestamp": 1511437981
    },
    {
      "name": "Lali Kastrati",
      "timestamp": 1511298952
    },
    {
      "name": "Tanvir Ahmed",
      "timestamp": 1511187295
    },
    {
      "name": "Ramadan Ramadan",
      "timestamp": 1511124585
    },
    {
      "name": "Gazmend Hoti",
      "timestamp": 1510469252
    },
    {
      "name": "Al Ban",
      "timestamp": 1510184025
    },
    {
      "name": "Qemal Reshiti",
      "timestamp": 1510041170
    },
    {
      "name": "Resul Ganija",
      "timestamp": 1509920489
    },
    {
      "name": "Driton Kajtazi",
      "timestamp": 1509535544
    },
    {
      "name": "Nori Berisha",
      "timestamp": 1509304776
    },
    {
      "name": "Rinor Arifi",
      "timestamp": 1508426336
    },
    {
      "name": "Cedric Bessis",
      "timestamp": 1508184027
    },
    {
      "name": "Drito Islami",
      "timestamp": 1508029143
    },
    {
      "name": "Valdrin Arifi",
      "timestamp": 1507749615
    },
    {
      "name": "Lulzim Berisha",
      "timestamp": 1507660317
    },
    {
      "name": "Lundrim Xhelili",
      "timestamp": 1507537236
    },
    {
      "name": "Refik Jusufi",
      "timestamp": 1507501866
    },
    {
      "name": "Ora Rita",
      "timestamp": 1507497254
    },
    {
      "name": "Erko Erkan Iseni",
      "timestamp": 1506259825
    },
    {
      "name": "Irfan GH",
      "timestamp": 1506251308
    },
    {
      "name": "Burak Akiki",
      "timestamp": 1506209297
    },
    {
      "name": "Pati Kodra",
      "timestamp": 1506123789
    },
    {
      "name": "Rami Abazi",
      "timestamp": 1505971845
    },
    {
      "name": "Nexhat Bajrami",
      "timestamp": 1505890957
    },
    {
      "name": "Samanta Lika",
      "timestamp": 1503748588
    },
    {
      "name": "ElHam Ali",
      "timestamp": 1502807102
    },
    {
      "name": "Surender Kumar",
      "timestamp": 1497773305
    },
    {
      "name": "Salih Gashi",
      "timestamp": 1496823654
    },
    {
      "name": "Arsim Mehmedi",
      "timestamp": 1495651683
    },
    {
      "name": "Ehsaan Farhadi",
      "timestamp": 1492406462
    },
    {
      "name": "Rahmat Shafaye",
      "timestamp": 1492002395
    },
    {
      "name": "Hoti Jetmir",
      "timestamp": 1491348683
    },
    {
      "name": "Riat Ilazi",
      "timestamp": 1490268021
    },
    {
      "name": "Bejto Besim Sefo",
      "timestamp": 1489192189
    },
    {
      "name": "Youn\u00c3\u00a8s Kasmi",
      "timestamp": 1488399534
    },
    {
      "name": "Arthur Clamp",
      "timestamp": 1487703685
    },
    {
      "name": "Furkan Daci",
      "timestamp": 1487411592
    },
    {
      "name": "Halil Halili",
      "timestamp": 1486932449
    },
    {
      "name": "Axel Kuonen",
      "timestamp": 1486844636
    },
    {
      "name": "Erblin Nishori",
      "timestamp": 1486080441
    },
    {
      "name": "Zylfet Mustafa",
      "timestamp": 1485990362
    },
    {
      "name": "Aze Mi",
      "timestamp": 1485723391
    },
    {
      "name": "Dijamant Daipi",
      "timestamp": 1485381461
    },
    {
      "name": "Silvana Fanucci",
      "timestamp": 1484911978
    },
    {
      "name": "Venos Byticci",
      "timestamp": 1484841163
    },
    {
      "name": "Albion Blerina Duraku",
      "timestamp": 1481812544
    },
    {
      "name": "Bulii Bejluli",
      "timestamp": 1480791785
    },
    {
      "name": "Abazi Rami",
      "timestamp": 1480432757
    },
    {
      "name": "Jeton Izairi",
      "timestamp": 1480282126
    },
    {
      "name": "Liridon Berisha",
      "timestamp": 1480244987
    },
    {
      "name": "Rijat Abdullau",
      "timestamp": 1479924942
    },
    {
      "name": "Mohammed Fellahi",
      "timestamp": 1475883081
    },
    {
      "name": "Alistair De Montmollin Baslini",
      "timestamp": 1474392868
    },
    {
      "name": "Ilir Izairi",
      "timestamp": 1472769772
    },
    {
      "name": "Amine Reimann",
      "timestamp": 1472075472
    },
    {
      "name": "Semra Aliu",
      "timestamp": 1471463504
    },
    {
      "name": "Romain Virgo",
      "timestamp": 1471271257
    },
    {
      "name": "Lindi Emini",
      "timestamp": 1471215760
    },
    {
      "name": "Haliti Asmir",
      "timestamp": 1469128969
    },
    {
      "name": "Alban Jonuzii",
      "timestamp": 1467550301
    },
    {
      "name": "Arijan Memeti",
      "timestamp": 1465534475
    },
    {
      "name": "Berat Musliu",
      "timestamp": 1465457976
    },
    {
      "name": "Bujar Suma",
      "timestamp": 1463436657
    },
    {
      "name": "Arnaqija Citi",
      "timestamp": 1462825478
    },
    {
      "name": "Izair Dalipi",
      "timestamp": 1462552470
    },
    {
      "name": "Vildan Maksuti",
      "timestamp": 1460884886
    },
    {
      "name": "Adnan Berisha",
      "timestamp": 1460245083
    },
    {
      "name": "Zijadin Bajrami",
      "timestamp": 1459931179
    },
    {
      "name": "Alma Kodra",
      "timestamp": 1459322921
    },
    {
      "name": "Salih Huseini",
      "timestamp": 1459320968
    },
    {
      "name": "Florent Grepi",
      "timestamp": 1457044344
    },
    {
      "name": "Semiir Sulejmani",
      "timestamp": 1456754230
    },
    {
      "name": "Bajram Zeka",
      "timestamp": 1455909164
    },
    {
      "name": "Adis Mustafa",
      "timestamp": 1451832968
    },
    {
      "name": "Arben Memishi",
      "timestamp": 1449838291
    },
    {
      "name": "Faton Zeka",
      "timestamp": 1448900637
    },
    {
      "name": "Omer Kasami",
      "timestamp": 1447630724
    },
    {
      "name": "EMmin Alimi",
      "timestamp": 1445263089
    },
    {
      "name": "Tino Ollomani",
      "timestamp": 1441139729
    },
    {
      "name": "Varisha Maryam Muhammad",
      "timestamp": 1440921152
    },
    {
      "name": "Afrim Idrizi",
      "timestamp": 1440776588
    },
    {
      "name": "Alessia Sotto",
      "timestamp": 1440005689
    },
    {
      "name": "Vetevendosje Ron",
      "timestamp": 1439469522
    },
    {
      "name": "Mark Begu",
      "timestamp": 1438680901
    },
    {
      "name": "Rafael Pozi",
      "timestamp": 1438021873
    },
    {
      "name": "Haki Pajaziti",
      "timestamp": 1436544513
    },
    {
      "name": "Fuat Aj",
      "timestamp": 1432569299
    },
    {
      "name": "Pino Marrone",
      "timestamp": 1430059538
    },
    {
      "name": "Kastriot Ademi",
      "timestamp": 1429385726
    },
    {
      "name": "Luoca Patisca Tetovo",
      "timestamp": 1423913550
    },
    {
      "name": "Videgrenier Ecublens",
      "timestamp": 1423137790
    },
    {
      "name": "Fidan Islami",
      "timestamp": 1421281651
    },
    {
      "name": "Meli Sulis",
      "timestamp": 1416603576
    },
    {
      "name": "Qendrim Kosumi",
      "timestamp": 1413916177
    },
    {
      "name": "Martika Poppitt",
      "timestamp": 1412540097
    },
    {
      "name": "Bajram Ramadani",
      "timestamp": 1408573720
    },
    {
      "name": "Fisnik Rexhepi",
      "timestamp": 1408434812
    },
    {
      "name": "Agon Shaqiri",
      "timestamp": 1407630308
    },
    {
      "name": "Berat Muaremi",
      "timestamp": 1404911186
    },
    {
      "name": "Joan Maillard",
      "timestamp": 1400689940
    },
    {
      "name": "Lume Asllani",
      "timestamp": 1388877428
    },
    {
      "name": "Melissa Geraud",
      "timestamp": 1387433127
    },
    {
      "name": "Leticia Miano",
      "timestamp": 1370877321
    },
    {
      "name": "Fllanza Ibrahimi",
      "timestamp": 1370437496
    },
    {
      "name": "PixelArts Produciton R",
      "timestamp": 1360604585
    },
    {
      "name": "Anik Siriniqi",
      "timestamp": 1360250626
    },
    {
      "name": "Natali Malinova",
      "timestamp": 1351362990
    },
    {
      "name": "Alsabbagh Roro",
      "timestamp": 1340045826
    },
    {
      "name": "Nderim Dema",
      "timestamp": 1339880011
    },
    {
      "name": "Ermira Fetahu",
      "timestamp": 1339354986
    },
    {
      "name": "Shuip Kobeci",
      "timestamp": 1338396507
    },
    {
      "name": "Abdul Sallai",
      "timestamp": 1335213106
    },
    {
      "name": "Pierre Loric",
      "timestamp": 1329562932
    },
    {
      "name": "Mevlan Dervodeli",
      "timestamp": 1329158943
    },
    {
      "name": "Asrin Lusjani",
      "timestamp": 1325970264
    },
    {
      "name": "Kevin Alves",
      "timestamp": 1322686332
    },
    {
      "name": "Riki Ramadani",
      "timestamp": 1346490103
    },
    {
      "name": "VxDiaries Suisse",
      "timestamp": 1338723778
    },
    {
      "name": "Ren\u00c3\u00a9 Ducret",
      "timestamp": 1344465454
    }
  ]
}