{
  "sent_requests": [
    {
      "name": "Kadri Guri",
      "timestamp": 1426874449
    },
    {
      "name": "Cindy Castro",
      "timestamp": 1377622053
    },
    {
      "name": "Tiago Peralta",
      "timestamp": 1348598752
    },
    {
      "name": "Davide Natale",
      "timestamp": 1328176491
    },
    {
      "name": "Christina Lopez",
      "timestamp": 1326819645
    },
    {
      "name": "Arben Benny",
      "timestamp": 1326030565
    },
    {
      "name": "Elena Haku",
      "timestamp": 1325966538
    },
    {
      "name": "Burbuqe Baftiji",
      "timestamp": 1314285878
    },
    {
      "name": "Vsb Mars",
      "timestamp": 1314285776
    },
    {
      "name": "Xhevat Baftiu",
      "timestamp": 1313441287
    },
    {
      "name": "Nderrim Nderim",
      "timestamp": 1399233993
    },
    {
      "name": "Yannis Eisel\u00c3\u00a9",
      "timestamp": 1388603291
    },
    {
      "name": "Vjollca Selmani",
      "timestamp": 1378929020
    },
    {
      "name": "Lucas Gauchoux",
      "timestamp": 1316026724
    },
    {
      "name": "Marie Lannaz",
      "timestamp": 1323622605
    }
  ]
}